targets,predicts_vanilla,predicts_perceiver
Atlanta,Paris,Copenhagen
Berlin,Argentina,Berlin
England,Berlin,Coventry
Mumbai,Baghdad,Algiers
Detroit,London,Warsaw
Geelong,Liverpool,Boston
Australia,Pennsylvania,Vienna
Vienna,Paris,Paris
Naples,Naples,Naples
Ontario,Melbourne,Sydney
Riga,Lagos,Riga
Delhi,Oslo,Augsburg
Washington,Australia,Sydney
Sheffield,London,Milwaukee
Providence,London,Tampa
Minneapolis,Amsterdam,Amsterdam
Paris,Montreal,Paris
Ipswich,London,Edinburgh
Beijing,Shanghai,Shanghai
Sydney,Aberdeen,Albany
Toronto,Canter,Copenhagen
Aurora,Montreal,Brooklyn
Mansfield,Portsmouth,Stamford
Venice,Paris,Rome
Cumberland,London,Massachusetts
Italy,Paris,Siena
Rochester,Oxford,Sydney
Brooklyn,Buffalo,Belgium
Paris,Rome,Ragmeria
Cuba,Sweden,Cuba
Berlin,Oxford,Scotland
Baltimore,Milwaukee,Copenhagen
Istanbul,Austria,Istanbul
Helsinki,Helsinki,Sheffield
Leicester,Baltimore,Jamaica
India,Toulouse,Dundeen
Quincy,Queensylvania,Virginia
Vancouver,Australia,Warsaw
London,Chicago,Portsmouth
Chicago,Chicago,Brooklyn
Ireland,Scotland,Blackburn
Finland,France,Norwich
France,France,Naples
Porto,Marseille,Vilnius
Dortmund,Franklin,Brooklyn
Dublin,Dublin,Chicago
Glasgow,Toronto,Madrid
Yerevan,Montreal,Athens
Dublin,Worcester,Worcester
London,London,Montreal
Frankfurt,Paris,Vienna
York,Cambridge,Warsaw
Australia,Sweden,Melbourne
Perth,Rome,Preston
Edinburgh,Rome,Econton
Turin,Madrid,Naples
Norwich,Melbourne,Belfast
Canada,Wolverhampton,Philadelphia
Birmingham,Brooklyn,Boston
Milan,Brooklyn,Winnipeg
Edinburgh,Liverpool,Paris
Glasgow,Glasgow,Scotland
Lviv,Portugal,Warsaw
Helsinki,Paris,Baghdad
Baltimore,London,Sydney
Bristol,Montreal,Sheffield
Venice,Venice,Venice
Lahore,Paris,Algeria
Seville,Paris,Seville
Algiers,Paris,Chesterfield
Kiev,Toronto,Chicago
Pittsburgh,Lawrence,Portland
Blackpool,Blackburn,Barcelona
Leiden,Prague,London
Hungary,Copenhagen,Copenhagen
Colorado,London,Moscow
Chicago,Glasgow,Chicago
Alabama,Sydney,London
Paris,Leipzig,Albany
Melbourne,Scotland,Oxford
Havana,Paris,Stansa
Athens,Athens,Australia
Ulster,Sheffield,Virginia
London,London,Scotland
Leeds,Luton,Liverpool
Kensington,Kiev,Rochester
Melbourne,Paris,Paris
Norfolk,Belfast,Norwich
Georgia,Rochester,Philadelphia
Nottingham,Elizabeth,Chicago
Brooklyn,London,Brooklyn
Chicago,Chicago,Sydney
Wales,England,Wisconsin
Havana,Cuba,Seattle
London,Amsterdam,Montreal
Philadelphia,Vienna,Sheffield
Crete,Moscow,Mexico
Marseille,Paris,Paris
Yorkshire,Michigan,England
Copenhagen,Manhattan,Stuttgart
Gothenburg,Antwerp,Marseille
Bradford,Liverpool,Boston
Winnipeg,France,Berlin
Massachusetts,Liverpool,Liverpool
Warsaw,Paris,Copenhagen
Aberdeen,Hamilton,Hartford
Devon,Detroit,Durham
Australia,Montreal,Naples
Baltimore,Baltimore,Baltimore
Belfast,Glasgow,Brooklyn
Chicago,Chicago,Uniters
Germany,Amsterdam,Amsterdam
Paris,Montreal,Auburn
Exeter,Paris,Berlin
Colorado,Columbia,Pune
Chicago,Bergen,Copenhagen
Zagreb,Serbia,Serbia
Indianapolis,Syracuse,London
Mansfield,Paris,Columbus
Wimbledon,Dublin,Manchester
Belfast,Milwaukee,California
Brooklyn,Sydney,Canterbury
Switzerland,Toulouse,France
Sheffield,Sheffield,Pittsburgh
Bern,Paris,Berlin
Arkansas,Lithuan,Florence
Baltimore,Barcelona,California
Bordeaux,France,Paris
Quebec,Moscow,Manhattan
Georgetown,Canada,Chester
Luxembourg,Paris,Paris
Chad,Chester,Stockholm
Berlin,Prague,Bergen
Moscow,London,Oslo
Alexandria,Canberra,Albania
Romeo,Melbourne,Chicago
Chicago,Limerick,Cleveland
Oslo,London,Copenhagen
London,London,Boston
Calgary,Chicago,Pennsylvania
Wilmington,Paris,Baltimore
Kilkenny,London,Crimingham
Birmingham,Glasgow,Birmingham
Philadelphia,Florence,Brooklyn
Mumbai,Munich,Casablanca
Memphis,Miami,Melbourne
Victoria,Bristol,Munich
Massachusetts,London,Paris
Boston,Burlington,Berkshire
Ontario,Melbourne,Sheffield
Milan,Warsaw,Venice
Singapore,Sheffield,Flanders
Birmingham,Norwich,Stamford
Milan,Montreal,Moscow
Windsor,Lublin,Chicago
Germany,Rome,Brooklyn
Chester,Stuttgart,Birmingham
Garland,Richmond,Sydney
Istanbul,Tarlin,Massachusetts
Watford,Eton,England
Toledo,Milan,Madrid
Illinois,Paris,Illinois
Naples,Madrid,Santiago
Jerusalem,Jamaica,Jamaica
Oxford,London,Brooklyn
Newark,Amsterdam,Cambridge
Toronto,Jerusalem,Miami
Ohio,Waterloo,Waterford
Surrey,Sheffield,Edinburgh
Palma,Paris,Barcelona
Bradford,Chicago,Berlin
Perth,Australia,Berlin
Liverpool,Sheffield,Worcester
Toronto,Dublin,Ireland
Fulham,London,Columbus
Edmonton,Lublin,Cambridge
Greenville,Frankfurt,Whinnipeg
Lagos,Romania,Cada
Adelaide,Leipzig,Canberra
Norwich,Philadelphia,Pennsylvania
London,Wilmington,Pennsylvania
England,England,Nottingham
Manhattan,Montreal,Manhattan
Dublin,Dublin,Liverpool
Bucharest,London,Philadelphia
Belgrade,Prague,Rome
Minneapolis,Minneapolis,Dallas
Belfast,Montreal,London
Prague,Paris,Paris
Dover,Belgium,Brooklyn
Ireland,Hartford,Sheffield
England,Cambridge,Canada
Hamburg,Philadelphia,Philadelphia
England,Germany,Vilnius
Newport,Chicago,Hartford
Edmonton,Exeter,Egypt
Cleveland,Rochester,Norwich
Helsinki,Florence,Argentina
Boston,Budapest,Boston
Slovakia,Prague,Belgrade
Bristol,Milwaukee,Berlin
California,Cambridge,Brooklyn
Strasbourg,Pune,Philadelphia
Princeton,Richmond,Brooklyn
Oslo,Boston,Vienna
Kiev,Pland,Columbus
England,England,Brooklyn
Leicester,London,Texas
Belfast,Glasgow,Belfast
Bordeaux,Sweden,Southam
Milan,Atlanta,Naples
Belfast,Milwaukee,Chicago
Richmond,London,Preston
Santiago,London,Salisbury
Stockholm,Cuba,London
Melbourne,Genoa,Albany
India,London,Cambridge
Leeds,London,Pittsburgh
Sydney,Barcelona,Bucharest
Athens,Milan,Constantinople
Moscow,Leiden,Chicago
Boston,Salford,London
France,Paris,Switzerland
London,Toronto,Paisley
Boston,Lima,Chicago
Canberra,Canberra,Canada
Japan,Karachi,Harisba
Peterborough,Brooklyn,Pennsylvania
France,Lima,Lahore
Texas,London,England
Seattle,Canberra,Chicago
Prague,Belgrade,Berlin
Birmingham,Columbus,Sydney
Gloucester,Charlotte,Sydney
Montreal,Montreal,Manchester
Dublin,Dublin,Dublin
Ottawa,London,Dublin
London,Rotterdam,Rotterdam
Luxembourg,Salford,London
Bonn,Belfast,Barcelona
Philadelphia,Australia,Pune
Victoria,Norwich,Bath
Melbourne,Dublin,Chatham
London,Leicester,Boston
Toronto,London,Syracuse
Miami,Portugal,Norwich
Brooklyn,London,Coventry
Budapest,Frankfurt,Budapest
Memphis,Glasgow,Sydney
Leipzig,Paris,Cambridge
London,Delhi,Columbus
Bergen,Delhi,Lille
Russia,Rome,Norwich
England,London,Mansfield
France,Chicago,Chicago
Birmingham,Sacramento,Berlin
Boston,London,Boston
Milan,Madrid,Barcelona
Pennsylvania,Paris,Concord
Sunderland,Stockholm,Boston
Ventura,Sydney,Chicago
Moscow,Montreal,Oslo
Ljubljana,Zagreb,Kolkata
Aberdeen,Scotland,Durham
Hanover,Prague,Budapest
Dresden,Dresden,Prague
Tallinn,Rome,Moscow
Finland,Lima,London
Yorkshire,York,Winnipeg
Chicago,Carisle,Boston
Lawrence,Lawrence,Landon
Belgrade,Zagreb,Siena
Victoria,Liverpool,Virginia
Lincoln,Lille,Liverpool
Berlin,Berlin,Brooklyn
Rome,Rome,Italy
Bologna,Poland,Madagascar
Macon,London,Bonn
Dayton,Scotland,Stirling
Brunswick,Brunswick,Boston
Canada,Dublin,Melbourne
Holstein,Paris,Marseille
Cincinnati,Pennsylvania,Oklahoma
Oslo,Brest,Cheshire
Tehran,Iran,Tehran
Cleveland,England,Portland
Paris,Paris,Paris
Tokyo,Paris,Naples
Baltimore,Cairo,Berlin
Charleston,Charleston,Chicago
Brighton,Budapest,Edinburgh
Brooklyn,Miami,Unitah
Oslo,Sweden,Scotland
Berlin,Lebanon,Berlin
London,London,Philadelphia
Weston,Westphalia,Melbourne
Bucharest,Paris,Barcelona
Savannah,Savannah,Scotland
Sussex,Cornwall,Sheffield
Naples,Rome,Naples
Massachusetts,Montreal,Melbourne
Hamburg,Paris,Vienna
Vilnius,Paris,Paris
Leicester,Perth,Amsterdam
London,Bristol,Brooklyn
Russia,Sheffield,Bangor
Munich,Vienna,Vienna
Beijing,Warrington,Brandon
Chicago,Jamaica,Sheffield
Philadelphia,Lille,Sheffield
Boston,Milwaukee,Chicago
Winnipeg,Portsmouth,Winnipeg
Paisley,Salford,London
London,London,London
Tirana,Tiran,Toronto
Munich,Leipzig,Hamburg
Chicago,Chicago,Chicago
France,France,Mexico
Iran,Rome,Casablanca
Oslo,Oslo,Worcester
Chicago,Berkeley,Brighton
Canterbury,London,Sydney
Richmond,Richmond,Glasgow
Edinburgh,Scotland,England
Detroit,Cambridge,Rochester
Lyon,Paris,Paris
Tulsa,Melbourne,Brighton
England,Montreal,Canada
Minneapolis,Minnesota,Milwaukee
Tokyo,Tokyo,Tokyo
Budapest,Lille,California
Bolton,Preston,Preston
Chicago,Glasgow,Manchester
Paris,Paris,Brooklyn
Pennsylvania,England,Chicago
Illinois,London,Chicago
Inverness,Greenville,Chicago
Norfolk,London,Norfolk
Athens,Amsterdam,Vienna
Austin,Lille,Chicago
Mexico,Sydney,Norwich
Leipzig,Toronto,Coventry
Paris,Paris,France
Paul,Scotland,Birmingham
Chicago,Montreal,Marseille
Montreal,Paris,Paris
Detroit,Italy,Brooklyn
Paris,Paris,Paris
Medina,Boston,Australia
Guatemala,Carlisle,Vienna
Gettysburg,London,Cansbury
London,Paris,Melbourne
Milan,Rome,Venice
Sydney,Rome,Como
Vienna,Berlin,Canberra
Melbourne,Casablanca,Salford
Amsterdam,Munich,Vienna
Dublin,Portland,Milwaukee
Santiago,Naples,Vienna
Singapore,Prague,Prague
Glasgow,Munich,Canberra
Minneapolis,Southampton,Manchester
Lafayette,London,Nottingham
Bath,Paris,Melbourne
Ottawa,Ottawa,Baltimore
Paris,Paris,Paris
Mexico,Lille,Florence
Washington,London,Rochester
Gothenburg,Frankfurt,Bradford
Sweden,Colone,Manhattan
London,Ireland,Toronto
Bristol,London,Woodland
Lebanon,Lebanon,Leiden
Alberta,Chicago,Chicago
Naples,Germany,Naples
London,Fulham,Fulham
London,London,England
Dayton,London,Milwaukee
England,Scotland,Chicago
Sydney,Sydney,Waterford
Stockholm,Gothenburg,Henry
Holland,Helsinki,Budapest
Oxford,Lawrence,Brooklyn
Sheffield,Blackburn,Exeter
Charlotte,Durham,Chicago
Rotterdam,Stockholm,Playmouth
Gothenburg,Woodland,Woodland
Italy,Venice,Rome
Worcester,Manhattan,Nottingham
Pennsylvania,Sweden,London
Chicago,Canberra,Chicago
Sheffield,Sydney,Chicago
Jamaica,Toronto,Montreal
Bucharest,Purs,in
Copenhagen,Copenhagen,Chicago
France,Dublin,Vilnius
London,Munich,Portland
Lima,Paris,Paris
Stuttgart,Stuttgart,Frankfurt
Kansas,Kansas,Birmingham
Westminster,Westminster,Chicago
Burlington,Virginia,Virginia
Stockholm,Salford,Sweden
Canton,Paris,Canberra
Cardiff,Newark,Chicago
Oxford,Manhattan,Melbourne
Rotterdam,Melbourne,Salford
Singapore,Sydney,Sydney
India,Bristol,Algiers
Oslo,Oslo,Shanghai
London,London,Manchester
Dublin,Marseille,Marseille
Bradford,England,Dublin
London,Australia,Windsor
Franklin,Wilmington,Wellington
Barbados,Paris,Melbourne
Lahore,London,Tehran
Macon,Tehran,Sydney
Frankfurt,Frankfurt,Oslo
Louisiana,London,Carmel
Edinburgh,Budapest,Berkeley
Montreal,Moscow,Montreal
Dayton,Dallas,Bradford
Virginia,Manhattan,Windsor
Detroit,Michigan,Melbourne
Baltimore,Paris,Paris
Seoul,Munich,Somerset
Blackburn,London,Brighton
Melbourne,Seville,Sydney
Adelaide,Scotland,Scotland
Newark,Philadelphia,Chatham
Bucharest,Melbourne,Sydney
Galicia,London,Chicago
Prague,Prague,Berlin
Toronto,Toronto,Sydney
Paris,Paris,Paris
Berlin,Warsaw,Warsaw
Carmichael,Australia,Vienna
Swansea,Australia,Scotland
Philadelphia,London,Rochester
Milwaukee,Milwaukee,Naples
Charleston,Nottingham,Montreal
Toronto,Madrid,Vienna
Beijing,China,Shanghai
Casablanca,Goana,Constantinople
Shanghai,Nanjing,China
Wolverhampton,Wolverhampton,Peterbough
Israel,Montreal,Sydney
Vienna,Preston,Salford
London,Paris,Scotland
Boston,Cornish,Boston
Naples,Paris,Naples
Tampa,Paris,Portland
London,London,London
Lublin,London,Carlandon
Belgium,Athens,Jamaica
Toledo,Toledo,Tonga
London,Scotland,Chicago
Indiana,London,Rochester
Sydney,Sweden,Budapest
Jerusalem,Chennai,Toulouse
Taipei,Toronto,Paris
Bologna,Paris,Barcelona
Edinburgh,Prussia,Chicago
Birmingham,Sydney,Berlin
Bordeaux,Paris,Paris
Chicago,Chicago,Berlin
England,Sydney,Philadelphia
London,London,Liverpool
London,London,Paris
Ireland,Berlin,Fulham
Sydney,Sydney,Chicago
Paris,Portugal,Rome
Philadelphia,Montreal,Sydney
India,California,Scotland
Ottawa,Detroit,Vienna
Naples,Naples,Naples
Trinidad,Wellington,Trinidad
Malaysia,Toulouse,China
Ankara,Tokyo,Tokyo
Rochester,Milwaukee,Milwaukee
Kilkenny,Kingston,Paris
Genoa,Bucharest,Brooklyn
California,Concord,Columbus
Bangkok,Belgium,Chennai
Florida,Fargo,Algiers
Paris,Paris,Paris
Toronto,London,Oslo
Lahore,London,Casablanca
Palestine,Palermo,Paris
Havana,Constantinople,Caracas
Derbyshire,Portugal,Boston
Pakistan,Berlin,Bahrain
Dublin,England,Brooklyn
England,Glasgow,Chicago
Charleston,Chicago,Chicago
Milan,Florence,Rome
Kazan,Rochester,Rochester
Edinburgh,Portsmouth,Portsmouth
Warsaw,London,Adelaide
